city_distno,total_population,economic_score,economic_coverage,education_score,education_coverage,health_score,health_coverage,housing_score,housing_coverage,safety_env_score,safety_env_coverage,mobility_connectivity_score,mobility_connectivity_coverage,youth_supports_score,youth_supports_coverage,yoi_domain_coverage,yoi_raw_0_1,yoi_0_100,poverty_rate,median_hh_income,unemployment_rate,snap_or_assist_rate,hs_plus,ba_plus,school_enrollment,youth_disconnection_proxy,uninsured_rate,disability_rate,frequent_mental_distress,poor_physical_health,rent_burden_proxy,overcrowding_proxy,moved_past_year_proxy,homeownership_rate,single_parent_proxy,vacancy_rate,crime_rate_per_1k,env_burden,no_vehicle_rate,commute_time_proxy,internet_sub_rate_proxy,service_count,services_per_10k,norm_poverty_rate,norm_median_hh_income,norm_unemployment_rate,norm_snap_or_assist_rate,norm_hs_plus,norm_ba_plus,norm_school_enrollment,norm_youth_disconnection_proxy,norm_uninsured_rate,norm_disability_rate,norm_frequent_mental_distress,norm_poor_physical_health,norm_rent_burden_proxy,norm_overcrowding_proxy,norm_moved_past_year_proxy,norm_homeownership_rate,norm_single_parent_proxy,norm_vacancy_rate,norm_crime_rate_per_1k,norm_env_burden,norm_no_vehicle_rate,norm_commute_time_proxy,norm_internet_sub_rate_proxy,norm_service_count,norm_services_per_10k,youth_service_count,mh_service_count,youth_services_per_10k,mh_services_per_10k,lack_transport,yoi_custom_0_100
1,152484.99,0.6565806370701038,0.9625818796803787,0.582333027448274,0.9963505899489123,0.6895763190741626,1.0,0.5306561904560474,1.0,0.557006045100825,0.9223659622154593,0.6693739431489684,1.0,0.6492217251234402,1.0,1.0,0.6192496982031173,61.92496982031175,271.98632806177307,154074.0610550277,5.190544765871924,3.152657991102025,77.76437370976464,407.69573265820736,73.34306735835824,3.114535660383873,4755.758279967963,326.3476546085479,14.522656871697013,8.912231294444487,50.21636848952848,2.4300781265078832,17.69593538335005,54.189244932805885,19.600195249004916,8.705553931811892,22.063449158957106,23.82281038434689,4.5838139416167385,25.17628246028544,96.42843808104128,14.50959960866398,29.49180257668483,0.6343849268512739,0.7464090078096015,0.5850557992395412,0.6736060142501533,0.9328396818932077,0.5239680670724912,0.26359007631844444,0.6106833109029578,0.44625249369523484,0.6969841485483869,0.7297958686270031,0.8852727654260257,0.5948845660900705,0.7031942376125084,0.3331034307834746,0.4914425273381362,0.6333157449326812,0.3396109758939854,0.6100990290428954,0.6658195205828525,0.551736994418365,0.7620709542148283,0.6943138808137115,0.6617374050453879,0.6367060452014927,3.032333752528159,0.0,6.733449904935554,0.0,5.315686046351648,61.92496982031175
2,146119.45,0.5600686355580696,0.9912206555771838,0.5666795465293138,0.9872544715358323,0.5319324630932192,1.0,0.49879506679587116,0.9876858763451319,0.47248069406984944,0.9502192746318306,0.587516071112675,0.990573922047862,0.5433837257786336,1.0,1.0,0.5372651718482331,53.72651718482334,455.951975771787,119052.68351099257,5.0120814517315075,3.9479962179833588,55.39686892886312,435.1428196411647,76.29814428377641,3.4495665858716964,4383.814950015366,478.34416006981473,16.23137429173656,10.77639220403754,55.15472809523563,3.718985701696402,14.012377867550692,51.27228506690903,23.570157470373253,5.588783258844994,37.0810043761076,49.55852057017061,5.768776606620923,20.96471501850326,94.69223894663251,7.7485331748745265,17.156658937889674,0.4420599225981429,0.5706797423972033,0.5854907858551219,0.6308526342180764,0.6755192718026066,0.5856381528975299,0.38072853161203474,0.6289309841221987,0.42079430396517414,0.5226011432430934,0.5357955906777082,0.6485388144869008,0.5219827013987843,0.630264544487784,0.42251970183459736,0.44257966371129737,0.5332051702611318,0.5477295373390082,0.45383714954098225,0.34532063654538997,0.42769243978008864,0.8554068785061201,0.46473948435276974,0.5628504770613039,0.5239169744959636,4.227744315908905,0.07082153101019283,9.130112538801693,0.19429780668942662,6.741933341716678,53.72651718482334
3,158832.75,0.55427079099208,0.9995435450062619,0.5916161834480139,0.958744284698274,0.6031278554950888,1.0,0.4236494504498688,0.9999999999990365,0.32582203140846533,0.8742668199870304,0.4828226922768235,0.9999999999991437,0.5345339817730286,1.0,1.0,0.5022632836919098,50.22632836919099,446.30842267627605,103395.12294535706,5.682766833142829,2.2734623375916363,59.09262538036343,623.16049837352,74.58681908007317,7.60272980026494,3353.725468908325,427.31696625915316,16.56900016260953,10.241444319651857,48.3337989785589,3.339333377758428,24.65127148747209,28.61191896588144,32.492718751039355,8.673600329591329,67.53500495547354,48.30781508539296,11.532456613223529,24.859774975157578,93.91518258735314,13.046860333364172,31.047548959117485,0.5011228097048416,0.4298879401312494,0.5317837202206965,0.753880459024994,0.7222522998606884,0.757203102140809,0.3158616887131756,0.581029103950362,0.6329546571535443,0.5626989896938849,0.4855384193237153,0.7313193558092109,0.6685079289992715,0.6446007229701256,0.1748899463760335,0.2065992034521507,0.44642930397999553,0.3181387036993429,0.23189853467335592,0.3469795803341139,0.256007599259946,0.7761824269522628,0.41627805061655954,0.5139564467131881,0.555111516832869,2.0835476833691775,0.0967141090099234,6.073375130521816,0.22883686094855205,7.28056651320049,50.22632836919099
4,147429.49,0.32738216176331986,1.0,0.4514410282844352,1.0,0.3476830269368583,1.0,0.4707109835980809,1.0,0.4942533320333509,1.0,0.4184326718066647,1.0,0.5405906181110274,1.0,1.0,0.4357848317905339,43.578483179053386,649.0152026418211,88527.68447771395,6.398995256977621,12.236730855659173,21.5689590722258,397.923693181641,88.31023163770045,7.374608379546592,4462.462843002685,642.4042952862064,17.459030374494287,13.714405017494498,60.715712645126715,10.96221992228681,7.978853368364637,57.982561427042384,31.92931079872765,3.48410378085475,22.726075780923352,41.484433424757285,5.7970409622826695,38.807235795316544,93.66346620880331,7.722959626696766,15.62932392985192,0.3173216752088886,0.3237920231947874,0.4707546765763563,0.19766027207324732,0.19463816744940146,0.598209820339008,0.6463199839253149,0.3665961414240164,0.38135101231942015,0.32175780694592365,0.3833393211487558,0.3042839673333339,0.39918750795334357,0.2947441301054609,0.6719221131183096,0.5169901832152093,0.3758619484659051,0.638064819336934,0.5077500048327204,0.4553365554978445,0.42664693896644246,0.4381164588732956,0.39053461758025587,0.5675493877020831,0.5136318485199717,2.8211884523779465,0.08890443961530303,5.641410649993393,0.2019743714629833,12.244460063666551,43.578483179053386
5,153986.21,0.6961772821424828,0.9969474792272995,0.5606843799570755,0.995660128318995,0.6537464330770723,1.0,0.6103342944183031,1.0,0.7081341143356866,0.9088666093731192,0.6422830357092899,1.0,0.6371941054242514,1.0,1.0,0.6440790921520232,64.4079092152023,197.07956767985564,161652.5791358039,4.2550174442222675,4.190546932824108,67.44053466411599,284.5566546484336,83.00335804044387,3.620061923209284,4912.35897020465,406.6561694013435,13.167035182180229,9.530864969797582,52.690802184598525,3.3640544772204914,11.101601272355747,71.73701544804354,15.119958718742879,3.8504161784277318,11.770964334743685,17.066949183106694,2.5887334359276877,34.936646954768285,97.54235562569714,13.26753371563378,26.87840551281924,0.7319435847335153,0.804152357396518,0.6399597489095702,0.6097832645505675,0.8310335517408984,0.40650210901009687,0.4704858172307188,0.5395057860521767,0.35276301937507815,0.5748468022014489,0.8672643103646398,0.8201116003671223,0.5723173585061955,0.6506993632626346,0.5357958741012685,0.682524581803114,0.6992883259485148,0.5987602536839618,0.7925100827460344,0.7635802786242917,0.6771248402228042,0.5450662089605073,0.7046580579445586,0.6565943013835585,0.6177939094649443,3.036282508863494,0.08470888629609806,5.779709100767954,0.1948226455752025,4.868279854148197,64.4079092152023
6,145443.27,0.5491571396589615,0.9921553693271067,0.6218748939577913,1.0,0.5788666778290458,1.0,0.45482860549271054,1.0,0.5584672050942666,0.9527409631932402,0.6490879461213814,1.0,0.5829467839745991,1.0,1.0,0.5707470360183938,57.074703601839374,526.2883356409961,123296.98809065444,5.59983768790737,3.4502422878458012,61.01764646906424,577.0849840963815,83.51485893061536,3.8403543727337976,4740.475187067439,481.85808997188667,15.35898346684796,9.513033207294882,50.97813138027639,5.611949497206767,19.733575427226572,46.283478378609615,20.92955066533251,5.527517329144384,20.703969556629584,29.344490163448278,5.932840593546018,24.03432984393918,96.81263732204631,15.082433575016209,28.64919335811254,0.44589163439631135,0.5842274912506238,0.5159841965455895,0.6461339675277274,0.741476122612964,0.7161862774033394,0.49398389310439,0.5358532827104717,0.35638853061985043,0.4827689725245044,0.6571845933758578,0.8191246147959712,0.5984066881718709,0.5039436119164776,0.3194993346140632,0.3974647872684302,0.5823127921465809,0.4917867842719908,0.5930111815269428,0.6065668045116641,0.47655601223157174,0.7754067717438536,0.6953010543887185,0.5974425654265576,0.5684510025226409,3.367878140633866,0.027310015134767097,6.583932439229473,0.048707000418703586,7.324134687190723,57.074703601839374
7,164220.38,0.5043706377956888,0.9982098250632611,0.5575986112644323,1.0,0.4699662191870526,1.0,0.49077641095821867,1.0,0.528552024017527,0.9796010700587022,0.6447026311730312,1.0,0.6450260694324654,1.0,1.0,0.5487132291183452,54.87132291183452,448.6936118593247,116777.09204603461,6.245501090252078,5.54594892061371,52.999047691272224,472.2683190657599,78.36333587973583,2.179108722051058,4868.714561630178,572.7938323595424,16.668960896679323,10.716721636139543,53.338596922302656,4.139366126604807,15.924732871479373,51.15625291076836,22.059159410561925,6.426823347870635,21.408731802737847,38.229947570719744,3.6404671709418523,27.547387826522137,97.0082314409563,14.72482104298692,27.00228962963445,0.4981170473553824,0.5531336408482967,0.4632534479505572,0.5017535858482707,0.6410850687356816,0.5984943030104412,0.4020951122843665,0.5887199610272406,0.31452537756148186,0.383310374056862,0.5205048203096913,0.661524304820175,0.5587522089323763,0.5943620332054216,0.36376764558657826,0.44622375610849885,0.5586745939030646,0.46716952424997144,0.5987735097364071,0.4810802441627102,0.5797530636041409,0.7121539813340463,0.6422008485809063,0.6698307254139411,0.6202214134509897,4.009553913913427,0.08993234178099098,7.806120846438184,0.20049394372433196,7.608640421908664,54.87132291183452
8,145047.37,0.3030887872079467,0.9864928189553791,0.4621604622225363,0.9991787568550107,0.34312994847654266,1.0,0.40753401985213844,0.9939608310862441,0.3572632124837566,0.9530231981059631,0.3595359238533021,0.9919477747816591,0.5074395433268261,1.0,0.9988496821116658,0.3915525267426284,39.15525267426284,647.9691873423566,83030.5932788087,9.458833791642546,11.069358358594897,18.144348661762447,424.8647112394891,89.92073661150467,7.133546306275116,4141.561763787676,573.5860788526728,18.264482010382945,15.08152876877012,62.15751254390601,14.638000025000318,9.542419857100397,45.8451566783427,35.995163703462275,6.918657854076469,36.92609560625653,57.81674911200306,11.41343537057532,40.937808610854425,92.03219571641337,8.400871214587497,17.078505772610267,0.3621909646245656,0.279480572991289,0.27464782080721467,0.25753348838556034,0.14052959983980085,0.6054154629265588,0.7011112512272004,0.40204382307209635,0.4470974417551889,0.3831698596937511,0.3309151906413703,0.2113373018158605,0.4023197637339965,0.21671268922288484,0.6322583553514689,0.38552091335823346,0.3101423003202204,0.4583382640957284,0.3757209690232306,0.26821959031882325,0.33088329725865595,0.3751152433365655,0.37260923096468473,0.5174813842121794,0.4973977024414727,2.8366049472105805,0.19212344483877017,5.96102384546927,0.34471497146280683,14.30432169844273,39.15525267426284
9,163727.68,0.27730100638888355,1.0,0.5320915752781302,0.9999999836686755,0.3394488768583498,1.0,0.3802105997560648,1.0,0.3604472314274179,0.9852150147889217,0.447100466419964,1.0,0.5327220277918999,1.0,1.0,0.40990311198867285,40.99031119886729,1046.3226263380677,79066.44117695175,6.8913975843314095,9.688148884534701,35.9217787162021,542.678975241064,84.27859569706335,9.21936991467284,4625.720015703503,544.6857164276639,19.667621467072834,13.405616201434743,61.11057950080924,10.507725902577366,13.524624625200873,34.727346007951695,41.905323080656544,6.5141849484446155,32.22494010579082,45.425756719397086,9.095060191229662,28.519638755272787,92.71846529412603,7.712300998310909,15.58076083756455,0.17120403538707565,0.23515684769957038,0.39707387808352185,0.3057692643853662,0.3984040749639357,0.7348030380539101,0.5406664999971471,0.45449269086959543,0.38587102923816374,0.39563069210138424,0.20966142132261614,0.36663236477123484,0.403608161360106,0.3454311364674537,0.5067028088118478,0.2651002923848515,0.2542871753501355,0.46961045088996267,0.3254134460308633,0.3901107343921353,0.2967202743357153,0.689039654030778,0.35554147089339855,0.5622671783024054,0.5031768772813944,3.3224383686606243,0.15435031743605385,6.3520319391105735,0.27742492670613,13.313380721730814,40.99031119886729
