academic_year,aggregate_level,county_code,district_code,school_code,county_name,district_name,school_name,reporting_category,cohort_students,regular_hs_diploma_graduates_count,cde_adjusted_cohort_graduation_rate,dropout_count,cde_four_year_cohort_dropout_rate
2023-24,C,37,,,San Diego,,,TA,41406.0,35048.0,84.6,3255.0,7.9
2023-24,C,37,,,San Diego,,,TA,35580.0,32573.0,91.5,1851.0,5.2
2023-24,C,37,,,San Diego,,,TA,5826.0,2475.0,42.5,1404.0,24.1
2023-24,C,37,,,San Diego,,,TA,32662.0,29022.0,88.9,1968.0,6.0
2023-24,C,37,,,San Diego,,,TA,30682.0,27987.0,91.2,1644.0,5.4
2023-24,C,37,,,San Diego,,,TA,1980.0,1035.0,52.3,324.0,16.4
2023-24,C,37,,,San Diego,,,TA,8744.0,6026.0,68.9,1287.0,14.7
2023-24,C,37,,,San Diego,,,TA,4898.0,4586.0,93.6,207.0,4.2
2023-24,C,37,,,San Diego,,,TA,3846.0,1440.0,37.4,1080.0,28.1
